{
  "Use Non-ASCII Font" : false,
  "Tags" : [

  ],
  "Ansi 12 Color" : {
    "Green Component" : 0.7367095351219177,
    "Blue Component" : 0.886829674243927,
    "Red Component" : 0.4360451102256775
  },
  "Ansi 7 Color" : {
    "Green Component" : 0.7051731944084167,
    "Blue Component" : 0.7051851153373718,
    "Red Component" : 0.7051942348480225
  },
  "Ansi 8 Color" : {
    "Green Component" : 0.325837254524231,
    "Blue Component" : 0.3258427679538727,
    "Red Component" : 0.3258470296859741
  },
  "Bold Color" : {
    "Green Component" : 0,
    "Blue Component" : 0.1104601174592972,
    "Red Component" : 0.8799142241477966
  },
  "Ansi 9 Color" : {
    "Green Component" : 0.5217872262001038,
    "Blue Component" : 0.6075631380081177,
    "Red Component" : 0.8942887783050537
  },
  "Ansi 1 Color" : {
    "Green Component" : 0.2730012834072113,
    "Blue Component" : 0.4118149876594543,
    "Red Component" : 0.9053851366043091
  },
  "Right Option Key Sends" : 0,
  "Rows" : 45,
  "Default Bookmark" : "No",
  "Cursor Guide Color" : {
    "Red Component" : 0.65,
    "Color Space" : "Calibrated",
    "Blue Component" : 1,
    "Alpha Component" : 0.25,
    "Green Component" : 0.91
  },
  "Non-ASCII Anti Aliased" : true,
  "Use Bright Bold" : true,
  "Ansi 10 Color" : {
    "Green Component" : 0.800662636756897,
    "Blue Component" : 0.6337430477142334,
    "Red Component" : 0.6382455229759216
  },
  "Ambiguous Double Width" : false,
  "Jobs to Ignore" : [
    "rlogin",
    "ssh",
    "slogin",
    "telnet"
  ],
  "Ansi 15 Color" : {
    "Green Component" : 0.8732393980026245,
    "Blue Component" : 0.8732542395591736,
    "Red Component" : 0.8732655644416809
  },
  "Foreground Color" : {
    "Green Component" : 0.7834189534187317,
    "Blue Component" : 0.7834322452545166,
    "Red Component" : 0.7834423780441284
  },
  "Working Directory" : "\/Users\/Jason",
  "Blinking Cursor" : false,
  "Disable Window Resizing" : true,
  "Sync Title" : false,
  "Prompt Before Closing 2" : false,
  "BM Growl" : true,
  "Command" : "",
  "Description" : "Default",
  "Space" : -1,
  "Mouse Reporting" : true,
  "Screen" : -1,
  "Selection Color" : {
    "Green Component" : 0.9019607843137255,
    "Blue Component" : 0.9019607843137255,
    "Red Component" : 0.9019607843137255
  },
  "Columns" : 80,
  "Idle Code" : 0,
  "Ansi 13 Color" : {
    "Green Component" : 0.5263131260871887,
    "Blue Component" : 0.9064863920211792,
    "Red Component" : 0.8987822532653809
  },
  "Custom Command" : "No",
  "ASCII Anti Aliased" : true,
  "Non Ascii Font" : "Monaco 12",
  "Vertical Spacing" : 1,
  "Use Bold Font" : true,
  "Option Key Sends" : 0,
  "Selected Text Color" : {
    "Green Component" : 0,
    "Blue Component" : 0,
    "Red Component" : 0
  },
  "Background Color" : {
    "Green Component" : 0,
    "Blue Component" : 0,
    "Red Component" : 0
  },
  "Character Encoding" : 4,
  "Ansi 11 Color" : {
    "Green Component" : 0.89288330078125,
    "Blue Component" : 0.5310782194137573,
    "Red Component" : 0.8834950923919678
  },
  "Use Italic Font" : true,
  "Unlimited Scrollback" : false,
  "Keyboard Map" : {
    "0xf700-0x260000" : {
      "Action" : 10,
      "Text" : "[1;6A"
    },
    "0x37-0x40000" : {
      "Action" : 11,
      "Text" : "0x1f"
    },
    "0x32-0x40000" : {
      "Action" : 11,
      "Text" : "0x00"
    },
    "0xf709-0x20000" : {
      "Action" : 10,
      "Text" : "[17;2~"
    },
    "0xf70c-0x20000" : {
      "Action" : 10,
      "Text" : "[20;2~"
    },
    "0xf729-0x20000" : {
      "Action" : 10,
      "Text" : "[1;2H"
    },
    "0xf72b-0x40000" : {
      "Action" : 10,
      "Text" : "[1;5F"
    },
    "0xf705-0x20000" : {
      "Action" : 10,
      "Text" : "[1;2Q"
    },
    "0xf703-0x260000" : {
      "Action" : 10,
      "Text" : "[1;6C"
    },
    "0xf700-0x220000" : {
      "Action" : 10,
      "Text" : "[1;2A"
    },
    "0xf701-0x280000" : {
      "Action" : 11,
      "Text" : "0x1b 0x1b 0x5b 0x42"
    },
    "0x38-0x40000" : {
      "Action" : 11,
      "Text" : "0x7f"
    },
    "0x33-0x40000" : {
      "Action" : 11,
      "Text" : "0x1b"
    },
    "0xf703-0x220000" : {
      "Action" : 10,
      "Text" : "[1;2C"
    },
    "0xf701-0x240000" : {
      "Action" : 10,
      "Text" : "[1;5B"
    },
    "0xf70d-0x20000" : {
      "Action" : 10,
      "Text" : "[21;2~"
    },
    "0xf702-0x260000" : {
      "Action" : 10,
      "Text" : "[1;6D"
    },
    "0xf729-0x40000" : {
      "Action" : 10,
      "Text" : "[1;5H"
    },
    "0xf706-0x20000" : {
      "Action" : 10,
      "Text" : "[1;2R"
    },
    "0x34-0x40000" : {
      "Action" : 11,
      "Text" : "0x1c"
    },
    "0xf700-0x280000" : {
      "Action" : 11,
      "Text" : "0x1b 0x1b 0x5b 0x41"
    },
    "0x2d-0x40000" : {
      "Action" : 11,
      "Text" : "0x1f"
    },
    "0xf70e-0x20000" : {
      "Action" : 10,
      "Text" : "[23;2~"
    },
    "0xf702-0x220000" : {
      "Action" : 10,
      "Text" : "[1;2D"
    },
    "0xf703-0x280000" : {
      "Action" : 11,
      "Text" : "0x1b 0x1b 0x5b 0x43"
    },
    "0xf700-0x240000" : {
      "Action" : 10,
      "Text" : "[1;5A"
    },
    "0xf707-0x20000" : {
      "Action" : 10,
      "Text" : "[1;2S"
    },
    "0xf70a-0x20000" : {
      "Action" : 10,
      "Text" : "[18;2~"
    },
    "0x35-0x40000" : {
      "Action" : 11,
      "Text" : "0x1d"
    },
    "0xf70f-0x20000" : {
      "Action" : 10,
      "Text" : "[24;2~"
    },
    "0xf703-0x240000" : {
      "Action" : 10,
      "Text" : "[1;5C"
    },
    "0xf701-0x260000" : {
      "Action" : 10,
      "Text" : "[1;6B"
    },
    "0xf702-0x280000" : {
      "Action" : 11,
      "Text" : "0x1b 0x1b 0x5b 0x44"
    },
    "0xf72b-0x20000" : {
      "Action" : 10,
      "Text" : "[1;2F"
    },
    "0x36-0x40000" : {
      "Action" : 11,
      "Text" : "0x1e"
    },
    "0xf708-0x20000" : {
      "Action" : 10,
      "Text" : "[15;2~"
    },
    "0xf701-0x220000" : {
      "Action" : 10,
      "Text" : "[1;2B"
    },
    "0xf70b-0x20000" : {
      "Action" : 10,
      "Text" : "[19;2~"
    },
    "0xf702-0x240000" : {
      "Action" : 10,
      "Text" : "[1;5D"
    },
    "0xf704-0x20000" : {
      "Action" : 10,
      "Text" : "[1;2P"
    }
  },
  "Window Type" : 2,
  "Background Image Location" : "",
  "Blur" : false,
  "Badge Color" : {
    "Red Component" : 1,
    "Color Space" : "Calibrated",
    "Blue Component" : 0,
    "Alpha Component" : 0.5,
    "Green Component" : 0
  },
  "Scrollback Lines" : 1000,
  "Send Code When Idle" : false,
  "Close Sessions On End" : true,
  "Terminal Type" : "xterm-256color",
  "Visual Bell" : true,
  "Flashing Bell" : false,
  "Silence Bell" : false,
  "Ansi 14 Color" : {
    "Green Component" : 0.8637109398841858,
    "Blue Component" : 0.858504593372345,
    "Red Component" : 0.5892289280891418
  },
  "Name" : "Default",
  "Cursor Text Color" : {
    "Green Component" : 1,
    "Blue Component" : 1,
    "Red Component" : 1
  },
  "Shortcut" : "",
  "Cursor Color" : {
    "Green Component" : 0.7333333492279053,
    "Blue Component" : 0.7333333492279053,
    "Red Component" : 0.7333333492279053
  },
  "Transparency" : 0.1562268860946746,
  "Guid" : "B9172A50-958E-4931-B61D-50BFCF47E874",
  "Custom Directory" : "No",
  "Horizontal Spacing" : 1,
  "Ansi 4 Color" : {
    "Green Component" : 0.6228619813919067,
    "Blue Component" : 0.8152990341186523,
    "Red Component" : 0.2664115130901337
  },
  "Ansi 0 Color" : {
    "Green Component" : 0.2085501253604889,
    "Blue Component" : 0.2085536569356918,
    "Red Component" : 0.2085563689470291
  },
  "Ansi 6 Color" : {
    "Green Component" : 0.6684063673019409,
    "Blue Component" : 0.6866282820701599,
    "Red Component" : 0.3958469033241272
  },
  "Ansi 2 Color" : {
    "Green Component" : 0.824545681476593,
    "Blue Component" : 0.5301701426506042,
    "Red Component" : 0.5388702154159546
  },
  "Normal Font" : "FreeMono 14",